"Status","Start Time","Stop Time","Duration in ms","Parent Suite","Suite","Sub Suite","Test Class","Test Method","Name","Description"
"passed","Fri Feb 05 16:27:22 CST 2021","Fri Feb 05 16:27:22 CST 2021","1","Advanced","test_cacl_plus","TestCaclPlus","","","test_div[d206]",""
"passed","Fri Feb 05 16:27:21 CST 2021","Fri Feb 05 16:27:21 CST 2021","0","Advanced","test_cacl_plus","TestCaclPlus","","","test_add[a104]",""
"passed","Fri Feb 05 16:27:22 CST 2021","Fri Feb 05 16:27:22 CST 2021","1","Advanced","test_cacl_plus","TestCaclPlus","","","test_div[d202]",""
"passed","Fri Feb 05 16:27:21 CST 2021","Fri Feb 05 16:27:21 CST 2021","0","Advanced","test_cacl_plus","TestCaclPlus","","","test_sub[s108]",""
"passed","Fri Feb 05 16:27:22 CST 2021","Fri Feb 05 16:27:22 CST 2021","1","Advanced","test_cacl_plus","TestCaclPlus","","","test_mul[m107]",""
"passed","Fri Feb 05 16:27:21 CST 2021","Fri Feb 05 16:27:21 CST 2021","1","Advanced","test_cacl_plus","TestCaclPlus","","","test_add[a101]",""
"passed","Fri Feb 05 16:27:22 CST 2021","Fri Feb 05 16:27:22 CST 2021","0","Advanced","test_cacl_plus","TestCaclPlus","","","test_mul[m202]",""
"passed","Fri Feb 05 16:27:21 CST 2021","Fri Feb 05 16:27:21 CST 2021","0","Advanced","test_cacl_plus","TestCaclPlus","","","test_add[a103]",""
"passed","Fri Feb 05 16:27:21 CST 2021","Fri Feb 05 16:27:21 CST 2021","1","Advanced","test_cacl_plus","TestCaclPlus","","","test_sub[s109]",""
"failed","Fri Feb 05 16:27:21 CST 2021","Fri Feb 05 16:27:21 CST 2021","1","Advanced","test_cacl_plus","TestCaclPlus","","","test_sub[s105]",""
"passed","Fri Feb 05 16:27:22 CST 2021","Fri Feb 05 16:27:22 CST 2021","1","Advanced","test_cacl_plus","TestCaclPlus","","","test_div[d203]",""
"passed","Fri Feb 05 16:27:22 CST 2021","Fri Feb 05 16:27:22 CST 2021","1","Advanced","test_cacl_plus","TestCaclPlus","","","test_div[d102]",""
"passed","Fri Feb 05 16:27:22 CST 2021","Fri Feb 05 16:27:22 CST 2021","0","Advanced","test_cacl_plus","TestCaclPlus","","","test_mul[m204]",""
"passed","Fri Feb 05 16:27:21 CST 2021","Fri Feb 05 16:27:21 CST 2021","0","Advanced","test_cacl_plus","TestCaclPlus","","","test_sub[s202]",""
"failed","Fri Feb 05 16:27:22 CST 2021","Fri Feb 05 16:27:22 CST 2021","1","Advanced","test_cacl_plus","TestCaclPlus","","","test_mul[m104]",""
"passed","Fri Feb 05 16:27:22 CST 2021","Fri Feb 05 16:27:22 CST 2021","1","Advanced","test_cacl_plus","TestCaclPlus","","","test_mul[m207]",""
"passed","Fri Feb 05 16:27:22 CST 2021","Fri Feb 05 16:27:22 CST 2021","1","Advanced","test_cacl_plus","TestCaclPlus","","","test_mul[m201]",""
"passed","Fri Feb 05 16:27:22 CST 2021","Fri Feb 05 16:27:22 CST 2021","0","Advanced","test_cacl_plus","TestCaclPlus","","","test_div[d211]",""
"passed","Fri Feb 05 16:27:22 CST 2021","Fri Feb 05 16:27:22 CST 2021","1","Advanced","test_cacl_plus","TestCaclPlus","","","test_mul[m106]",""
"passed","Fri Feb 05 16:27:22 CST 2021","Fri Feb 05 16:27:22 CST 2021","1","Advanced","test_cacl_plus","TestCaclPlus","","","test_div[d205]",""
"passed","Fri Feb 05 16:27:21 CST 2021","Fri Feb 05 16:27:21 CST 2021","0","Advanced","test_cacl_plus","TestCaclPlus","","","test_add[a106]",""
"passed","Fri Feb 05 16:27:21 CST 2021","Fri Feb 05 16:27:21 CST 2021","1","Advanced","test_cacl_plus","TestCaclPlus","","","test_sub[s101]",""
"passed","Fri Feb 05 16:27:22 CST 2021","Fri Feb 05 16:27:22 CST 2021","1","Advanced","test_cacl_plus","TestCaclPlus","","","test_div[d215]",""
"passed","Fri Feb 05 16:27:22 CST 2021","Fri Feb 05 16:27:22 CST 2021","0","Advanced","test_cacl_plus","TestCaclPlus","","","test_mul[m102]",""
"passed","Fri Feb 05 16:27:21 CST 2021","Fri Feb 05 16:27:21 CST 2021","1","Advanced","test_cacl_plus","TestCaclPlus","","","test_add[a201]",""
"passed","Fri Feb 05 16:27:21 CST 2021","Fri Feb 05 16:27:21 CST 2021","0","Advanced","test_cacl_plus","TestCaclPlus","","","test_sub[s205]",""
"passed","Fri Feb 05 16:27:21 CST 2021","Fri Feb 05 16:27:21 CST 2021","0","Advanced","test_cacl_plus","TestCaclPlus","","","test_add[a204]",""
"passed","Fri Feb 05 16:27:21 CST 2021","Fri Feb 05 16:27:21 CST 2021","1","Advanced","test_cacl_plus","TestCaclPlus","","","test_sub[s204]",""
"passed","Fri Feb 05 16:27:22 CST 2021","Fri Feb 05 16:27:22 CST 2021","0","Advanced","test_cacl_plus","TestCaclPlus","","","test_mul[m203]",""
"passed","Fri Feb 05 16:27:22 CST 2021","Fri Feb 05 16:27:22 CST 2021","0","Advanced","test_cacl_plus","TestCaclPlus","","","test_div[d212]",""
"passed","Fri Feb 05 16:27:21 CST 2021","Fri Feb 05 16:27:21 CST 2021","0","Advanced","test_cacl_plus","TestCaclPlus","","","test_sub[s206]",""
"passed","Fri Feb 05 16:27:22 CST 2021","Fri Feb 05 16:27:22 CST 2021","1","Advanced","test_cacl_plus","TestCaclPlus","","","test_mul[m205]",""
"passed","Fri Feb 05 16:27:21 CST 2021","Fri Feb 05 16:27:21 CST 2021","1","Advanced","test_cacl_plus","TestCaclPlus","","","test_add[a206]",""
"passed","Fri Feb 05 16:27:21 CST 2021","Fri Feb 05 16:27:21 CST 2021","0","Advanced","test_cacl_plus","TestCaclPlus","","","test_sub[s201]",""
"passed","Fri Feb 05 16:27:22 CST 2021","Fri Feb 05 16:27:22 CST 2021","1","Advanced","test_cacl_plus","TestCaclPlus","","","test_div[d209]",""
"passed","Fri Feb 05 16:27:22 CST 2021","Fri Feb 05 16:27:22 CST 2021","1","Advanced","test_cacl_plus","TestCaclPlus","","","test_div[d108]",""
"passed","Fri Feb 05 16:27:21 CST 2021","Fri Feb 05 16:27:21 CST 2021","1","Advanced","test_cacl_plus","TestCaclPlus","","","test_add[a202]",""
"passed","Fri Feb 05 16:27:21 CST 2021","Fri Feb 05 16:27:21 CST 2021","0","Advanced","test_cacl_plus","TestCaclPlus","","","test_sub[s104]",""
"passed","Fri Feb 05 16:27:21 CST 2021","Fri Feb 05 16:27:21 CST 2021","0","Advanced","test_cacl_plus","TestCaclPlus","","","test_add[a207]",""
"passed","Fri Feb 05 16:27:21 CST 2021","Fri Feb 05 16:27:21 CST 2021","0","Advanced","test_cacl_plus","TestCaclPlus","","","test_sub[s102]",""
"passed","Fri Feb 05 16:27:22 CST 2021","Fri Feb 05 16:27:22 CST 2021","0","Advanced","test_cacl_plus","TestCaclPlus","","","test_div[d210]",""
"passed","Fri Feb 05 16:27:21 CST 2021","Fri Feb 05 16:27:21 CST 2021","0","Advanced","test_cacl_plus","TestCaclPlus","","","test_sub[s207]",""
"passed","Fri Feb 05 16:27:22 CST 2021","Fri Feb 05 16:27:22 CST 2021","0","Advanced","test_cacl_plus","TestCaclPlus","","","test_div[d207]",""
"passed","Fri Feb 05 16:27:21 CST 2021","Fri Feb 05 16:27:21 CST 2021","0","Advanced","test_cacl_plus","TestCaclPlus","","","test_sub[s106]",""
"passed","Fri Feb 05 16:27:21 CST 2021","Fri Feb 05 16:27:21 CST 2021","1","Advanced","test_cacl_plus","TestCaclPlus","","","test_sub[s107]",""
"passed","Fri Feb 05 16:27:22 CST 2021","Fri Feb 05 16:27:22 CST 2021","1","Advanced","test_cacl_plus","TestCaclPlus","","","test_div[d204]",""
"passed","Fri Feb 05 16:27:22 CST 2021","Fri Feb 05 16:27:22 CST 2021","1","Advanced","test_cacl_plus","TestCaclPlus","","","test_div[d105]",""
"passed","Fri Feb 05 16:27:22 CST 2021","Fri Feb 05 16:27:22 CST 2021","1","Advanced","test_cacl_plus","TestCaclPlus","","","test_mul[m105]",""
"passed","Fri Feb 05 16:27:21 CST 2021","Fri Feb 05 16:27:21 CST 2021","0","Advanced","test_cacl_plus","TestCaclPlus","","","test_sub[s103]",""
"passed","Fri Feb 05 16:27:22 CST 2021","Fri Feb 05 16:27:22 CST 2021","0","Advanced","test_cacl_plus","TestCaclPlus","","","test_div[d208]",""
"passed","Fri Feb 05 16:27:22 CST 2021","Fri Feb 05 16:27:22 CST 2021","1","Advanced","test_cacl_plus","TestCaclPlus","","","test_div[d107]",""
"passed","Fri Feb 05 16:27:22 CST 2021","Fri Feb 05 16:27:22 CST 2021","0","Advanced","test_cacl_plus","TestCaclPlus","","","test_div[d214]",""
"passed","Fri Feb 05 16:27:22 CST 2021","Fri Feb 05 16:27:22 CST 2021","1","Advanced","test_cacl_plus","TestCaclPlus","","","test_div[d104]",""
"passed","Fri Feb 05 16:27:21 CST 2021","Fri Feb 05 16:27:21 CST 2021","0","Advanced","test_cacl_plus","TestCaclPlus","","","test_add[a205]",""
"passed","Fri Feb 05 16:27:22 CST 2021","Fri Feb 05 16:27:22 CST 2021","1","Advanced","test_cacl_plus","TestCaclPlus","","","test_mul[m101]",""
"passed","Fri Feb 05 16:27:21 CST 2021","Fri Feb 05 16:27:21 CST 2021","1","Advanced","test_cacl_plus","TestCaclPlus","","","test_add[a102]",""
"passed","Fri Feb 05 16:27:21 CST 2021","Fri Feb 05 16:27:21 CST 2021","0","Advanced","test_cacl_plus","TestCaclPlus","","","test_add[a107]",""
"passed","Fri Feb 05 16:27:21 CST 2021","Fri Feb 05 16:27:21 CST 2021","1","Advanced","test_cacl_plus","TestCaclPlus","","","test_add[a105]",""
"passed","Fri Feb 05 16:27:21 CST 2021","Fri Feb 05 16:27:21 CST 2021","0","Advanced","test_cacl_plus","TestCaclPlus","","","test_add[a203]",""
"passed","Fri Feb 05 16:27:22 CST 2021","Fri Feb 05 16:27:22 CST 2021","0","Advanced","test_cacl_plus","TestCaclPlus","","","test_div[d101]",""
"passed","Fri Feb 05 16:27:22 CST 2021","Fri Feb 05 16:27:22 CST 2021","1","Advanced","test_cacl_plus","TestCaclPlus","","","test_div[d103]",""
"passed","Fri Feb 05 16:27:21 CST 2021","Fri Feb 05 16:27:21 CST 2021","1","Advanced","test_cacl_plus","TestCaclPlus","","","test_sub[s203]",""
"passed","Fri Feb 05 16:27:22 CST 2021","Fri Feb 05 16:27:22 CST 2021","0","Advanced","test_cacl_plus","TestCaclPlus","","","test_mul[m206]",""
"passed","Fri Feb 05 16:27:22 CST 2021","Fri Feb 05 16:27:22 CST 2021","0","Advanced","test_cacl_plus","TestCaclPlus","","","test_div[d213]",""
"passed","Fri Feb 05 16:27:22 CST 2021","Fri Feb 05 16:27:22 CST 2021","1","Advanced","test_cacl_plus","TestCaclPlus","","","test_div[d201]",""
"passed","Fri Feb 05 16:27:22 CST 2021","Fri Feb 05 16:27:22 CST 2021","0","Advanced","test_cacl_plus","TestCaclPlus","","","test_mul[m103]",""
"passed","Fri Feb 05 16:27:22 CST 2021","Fri Feb 05 16:27:22 CST 2021","1","Advanced","test_cacl_plus","TestCaclPlus","","","test_div[d106]",""
